fullName_building_administrator,email_building_administrator,phone_administrator,fullName_service_contact,email_service_contact,phone_service_contact
Nariko Harberer,apocknell0@walmart.com,662-125-5703,Adelaide Pocknell,apocknell0@globo.com,361-981-3203
Caren Balding,akittley1@independent.co.uk,849-355-7858,Annabelle Kittley,akittley1@globo.com,935-470-0192
Walsh Lennie,vtracey2@tumblr.com,163-464-3108,Vern Tracey,vtracey2@eventbrite.com,493-285-7161
Fredrick Reinhardt,bfieller3@artisteer.com,214-289-0172,Bernhard Fieller,bfieller3@nih.gov,457-263-8092
Guthrey Hadenton,mshuttell4@dmoz.org,201-281-0636,Maddie Shuttell,mshuttell4@furl.net,573-953-2624
Al O'Keeffe,fgodball5@flickr.com,110-423-7249,Findley Godball,fgodball5@w3.org,568-242-9115
Jacquette Pethrick,brilston6@topsy.com,695-847-4840,Ben Rilston,brilston6@ovh.net,943-335-0180
Thalia Swayte,ffayre7@google.ru,563-699-5496,Frasier Fayre,ffayre7@zimbio.com,236-487-8977
Maximilien Robiot,jsalomon8@sciencedaily.com,306-817-3681,Jo Salomon,jsalomon8@storify.com,628-668-9457
Gabie Fenemore,sruffli9@answers.com,933-565-9615,Saunders Ruffli,sruffli9@ftc.gov,551-683-2947
Jackquelin Valentim,jstanburya@bluehost.com,585-875-3670,Josepha Stanbury,jstanburya@t-online.de,857-378-9607
Tadd Waind,tdobrovskyb@infoseek.co.jp,395-812-0788,Teresita Dobrovsky,tdobrovskyb@artisteer.com,905-879-3718
Matthias Briers,dspurretc@smh.com.au,334-871-2483,Delores Spurret,dspurretc@omniture.com,321-743-7796
Bertine Ackrill,dropcked@examiner.com,126-921-8252,Dominic Ropcke,dropcked@wunderground.com,414-691-3274
Constanta Gosden,estartee@fda.gov,103-206-6663,Elsinore Starte,estartee@vkontakte.ru,742-437-5536
Dorree Calley,dmcgraef@aol.com,893-999-2950,Donielle McGrae,dmcgraef@cbslocal.com,880-655-3111
Sibby Middas,ppourvoieurg@mysql.com,817-154-3697,Patsy Pourvoieur,ppourvoieurg@java.com,926-283-3575
Gran Deeson,mcarratth@usa.gov,344-340-1282,Maxine Carratt,mcarratth@harvard.edu,878-776-1367
Vitia Pre,vmcneighi@apple.com,545-230-2299,Verge McNeigh,vmcneighi@youtu.be,183-469-5729
Portie Peeke,mforsdickej@thetimes.co.uk,742-856-1526,Margit Forsdicke,mforsdickej@washington.edu,471-257-5506
Ashla Porcher,swoolfordek@adobe.com,427-987-1004,Silvio Woolforde,swoolfordek@bluehost.com,805-942-9595
Monty Stoite,cbaptyl@angelfire.com,807-856-7638,Corissa Bapty,cbaptyl@miitbeian.gov.cn,385-149-4627
Conroy Sherwood,kcranmorem@bizjournals.com,693-612-4247,Kate Cranmore,kcranmorem@nih.gov,742-621-8071
Oralle Janssens,kjelfsn@cloudflare.com,801-916-9888,Krystle Jelfs,kjelfsn@pinterest.com,560-277-1155
Katerine Goult,wwattingo@omniture.com,196-483-7695,Web Watting,wwattingo@google.fr,248-251-9836
Eudora Alexis,egilloranp@reddit.com,419-922-4529,Eilis Gilloran,egilloranp@godaddy.com,166-950-6170
Stephie Gilburt,bgounodq@sina.com.cn,394-514-3011,Blanche Gounod,bgounodq@live.com,968-353-2190
Natty Aslie,msiseyr@plala.or.jp,980-618-9869,Margy Sisey,msiseyr@reference.com,519-690-3229
Luciana McSparran,mnadins@livejournal.com,562-821-2306,Melvyn Nadin,mnadins@simplemachines.org,362-852-1685
Sargent Stickells,sstubbest@rambler.ru,483-808-3688,Sandi Stubbes,sstubbest@ft.com,894-376-0897
Alissa Braunter,nfaceru@miibeian.gov.cn,250-166-6298,Natalina Facer,nfaceru@pcworld.com,784-819-9501
Sephira Gunther,nasprayv@cloudflare.com,975-805-6222,Noemi Aspray,nasprayv@xing.com,404-167-5193
Neddie Kelinge,jjegerw@topsy.com,620-114-9353,Jacki Jeger,jjegerw@earthlink.net,657-976-3893
Ekaterina Sibbert,abarkawayx@studiopress.com,533-543-9688,Ahmed Barkaway,abarkawayx@gizmodo.com,376-675-8816
Guthrie Blacklawe,matwely@engadget.com,142-617-2314,Marlo Atwel,matwely@dyndns.org,128-981-1534
Marsiella Vannuchi,rwinnardz@gravatar.com,681-954-3377,Roi Winnard,rwinnardz@dailymail.co.uk,549-742-4488
Bettina Clements,kflorey10@plala.or.jp,991-712-5465,Kellby Florey,kflorey10@adobe.com,822-720-3794
Gerek Whetnall,mhunte11@canalblog.com,504-187-7838,Marja Hunte,mhunte11@twitpic.com,198-118-8935
Brear Stanlike,zkayzer12@goodreads.com,921-612-0298,Zak Kayzer,zkayzer12@example.com,820-221-7824
Lazar Delagua,dinfantino13@illinois.edu,736-260-9055,Dave Infantino,dinfantino13@bbc.co.uk,946-822-4721
Nadia Poynton,fcloy14@slashdot.org,628-941-7153,Filippo Cloy,fcloy14@netscape.com,238-313-3041
Avie Allin,lberns15@nyu.edu,960-438-5377,Lambert Berns,lberns15@dagondesign.com,344-837-5560
Yurik Pavinese,mschach16@networksolutions.com,743-974-4418,Margarete Schach,mschach16@creativecommons.org,152-826-8977
Gerti Bassom,gcruces17@nydailynews.com,764-689-9796,Gamaliel Cruces,gcruces17@xinhuanet.com,464-597-2123
Lloyd Cabena,efeehan18@bing.com,560-787-9071,Eddi Feehan,efeehan18@java.com,129-436-8373
Nigel McCrohon,awillwood19@google.ca,164-830-8441,Aylmar Willwood,awillwood19@usatoday.com,456-118-2891
Steven Farans,zackrill1a@squidoo.com,279-326-6812,Zed Ackrill,zackrill1a@mit.edu,646-860-4704
Conrado Chaddock,kfirminger1b@usda.gov,400-703-1713,Kattie Firminger,kfirminger1b@jimdo.com,413-700-6537
Michale Rays,hbrogi1c@miibeian.gov.cn,269-569-7453,Hadrian Brogi,hbrogi1c@ebay.com,525-641-5726
Aimee Greatbanks,ominger1d@infoseek.co.jp,405-249-9408,Ollie Minger,ominger1d@sourceforge.net,510-441-9073
Kelcy Montez,mluisetti1e@yandex.ru,557-216-2546,Madelon Luisetti,mluisetti1e@google.com.au,691-623-3736
Allsun O'Scanlan,gmorrice1f@mit.edu,207-557-2126,Goldi Morrice,gmorrice1f@army.mil,199-789-7149
Reider Edgecumbe,lturfes1g@github.io,668-218-9492,Leigha Turfes,lturfes1g@canalblog.com,589-901-7266
Celie Hodinton,jleinweber1h@e-recht24.de,640-395-6809,Jeremy Leinweber,jleinweber1h@sakura.ne.jp,171-300-1191
Winifred Rothchild,ldodd1i@soup.io,487-848-2384,Lenka Dodd,ldodd1i@pinterest.com,450-545-7601
Jacky Pumphrey,mtzuker1j@samsung.com,257-308-8638,Madelyn Tzuker,mtzuker1j@youtube.com,438-288-0993
Kelwin Brahm,bhulmes1k@free.fr,258-812-6386,Brockie Hulmes,bhulmes1k@devhub.com,775-646-2666
Buddie Bautiste,fyanov1l@flickr.com,449-738-5965,Faydra Yanov,fyanov1l@artisteer.com,545-970-7313
Idelle Shotter,hcollison1m@microsoft.com,628-341-9049,Heriberto Collison,hcollison1m@paginegialle.it,950-780-4626
Nicole Boner,plissemore1n@addtoany.com,303-161-6694,Pacorro Lissemore,plissemore1n@businessweek.com,964-642-4443
Ladonna Gensavage,sbeazey1o@1688.com,785-816-9189,Stefa Beazey,sbeazey1o@discuz.net,118-199-4983
Merola Brownell,scabrer1p@harvard.edu,599-942-7556,Sidonia Cabrer,scabrer1p@geocities.com,885-462-3496
Rennie Blakely,rcicchetto1q@purevolume.com,560-394-3148,Robyn Cicchetto,rcicchetto1q@newyorker.com,802-390-9665
Diane-marie Murrum,alesmonde1r@barnesandnoble.com,181-930-3649,Annabelle Lesmonde,alesmonde1r@cnet.com,574-111-1044
Yovonnda Gommes,mharmstone1s@businessweek.com,139-713-8860,Meredeth Harmstone,mharmstone1s@europa.eu,965-935-7162
Isis Bonson,hkenyam1t@constantcontact.com,660-256-9772,Harrietta Kenyam,hkenyam1t@wikia.com,428-157-0320
Roosevelt Lodwig,sbraganza1u@instagram.com,920-521-8274,Sharona Braganza,sbraganza1u@smh.com.au,908-172-1607
Eloisa Elam,relt1v@taobao.com,742-171-3419,Raye Elt,relt1v@nydailynews.com,164-669-5286
Kristofer Tackley,tinkle1w@hubpages.com,365-914-8652,Travus Inkle,tinkle1w@odnoklassniki.ru,137-335-5793
Caleb Buggs,uoshevlin1x@reuters.com,791-817-1262,Ulrika O'Shevlin,uoshevlin1x@ameblo.jp,976-650-3681
Lesly Mantz,bkillen1y@pbs.org,435-868-9911,Benedicto Killen,bkillen1y@yellowpages.com,150-492-3064
Issy Grafton,emacswayde1z@amazon.co.jp,444-697-5381,Erek MacSwayde,emacswayde1z@lulu.com,276-925-5380
Aldwin Godlip,handriesse20@ycombinator.com,915-767-4487,Hamlen Andriesse,handriesse20@github.io,635-653-3078
Gianina Hairyes,aexton21@berkeley.edu,809-837-1931,Agustin Exton,aexton21@nbcnews.com,566-645-7130
Dagny Jaher,deldrid22@myspace.com,393-301-9525,Doralynne Eldrid,deldrid22@salon.com,191-975-0238
